feature,coefficient,absolute_coefficient
s1,-931.4888458835256,931.4888458835256
s5,736.1988589046872,736.1988589046872
bmi,542.4287585162904,542.4287585162904
s2,518.0622769833433,518.0622769833433
bp,347.70384391385704,347.70384391385704
s4,275.31790157865066,275.31790157865066
sex,-241.96436231274043,241.96436231274043
s3,163.41998299131504,163.41998299131504
s6,48.670657431965395,48.670657431965395
age,37.904021350075745,37.904021350075745
